{
  "2GAB 1, The Star Beast.mp3": {
    "size": 32004399,
    "duration": 1947.2979591836734
  },
  "2GAB 2, Wild Blue Yonder.mp3": {
    "size": 28683178,
    "duration": 1587.7485714285715
  }
}